{"stats":{"minecraft:crafted":{"minecraft:oak_planks":4},"minecraft:picked_up":{"minecraft:oak_log":5},"minecraft:custom":{"minecraft:jump":40,"minecraft:time_since_rest":1807,"minecraft:leave_game":1,"minecraft:play_one_minute":1807,"minecraft:sprint_one_cm":3420,"minecraft:damage_taken":70,"minecraft:time_since_death":1807,"minecraft:walk_one_cm":2427,"minecraft:sneak_time":30,"minecraft:fall_one_cm":2205,"minecraft:fly_one_cm":5642},"minecraft:mined":{"minecraft:oak_log":5,"minecraft:oak_leaves":5}},"DataVersion":2586}